{
  "T1": {
    "mean": 0.2193320558223255,
    "sd": 0.9792159381796757,
    "sample_size": 1000,
    "percentiles": {
      "1": -1.8823490710479829,
      "5": -1.325954620915283,
      "10": -1.044763110851474,
      "25": -0.4475903054623517,
      "50": 0.2253006122348883,
      "75": 0.84794387547293,
      "90": 1.505645201867139,
      "95": 1.8769725284151462,
      "99": 2.515969500802941
    },
    "skewness": 0.11680083110533501,
    "kurtosis": 0.06620589292148304,
    "min_value": -3.0412673400690724,
    "max_value": 4.052731490654721
  },
  "T2": {
    "mean": 0.07083623724915591,
    "sd": 0.9974543772274209,
    "sample_size": 1000,
    "percentiles": {
      "1": -2.424991914818948,
      "5": -1.5766320842366435,
      "10": -1.1936656492207376,
      "25": -0.606241689026112,
      "50": 0.06307713232904595,
      "75": 0.7288821770316297,
      "90": 1.329419772266467,
      "95": 1.695409235640977,
      "99": 2.320170400434259
    },
    "skewness": -0.049321773965299257,
    "kurtosis": 0.05211754569784022,
    "min_value": -2.9403886346642802,
    "max_value": 3.193107567844861
  },
  "T3": {
    "mean": 0.005834214556024074,
    "sd": 0.9834542811020738,
    "sample_size": 1000,
    "percentiles": {
      "1": -2.2383178143315683,
      "5": -1.5658617984058503,
      "10": -1.2395086129162878,
      "25": -0.6479996138067259,
      "50": -0.0002507648292244117,
      "75": 0.6609153143379192,
      "90": 1.2449007942165802,
      "95": 1.6176498919882956,
      "99": 2.364350536428951
    },
    "skewness": 0.061154731210617166,
    "kurtosis": 0.1653471587660773,
    "min_value": -3.0195121558208253,
    "max_value": 3.9262377064363267
  },
  "T4": {
    "mean": -0.018719217786772258,
    "sd": 1.02713252543403,
    "sample_size": 1000,
    "percentiles": {
      "1": -2.2178120895902125,
      "5": -1.7765299396137164,
      "10": -1.337265669836849,
      "25": -0.7374204538254756,
      "50": 0.00018457317285395798,
      "75": 0.6669454107010974,
      "90": 1.296784559334863,
      "95": 1.6694357008954244,
      "99": 2.2714595951730367
    },
    "skewness": -0.0021182344932754063,
    "kurtosis": -0.2341236186026805,
    "min_value": -2.929448690002268,
    "max_value": 3.2430929695947333
  },
  "T5": {
    "mean": 0.15072636059713063,
    "sd": 0.9923802133010431,
    "sample_size": 1000,
    "percentiles": {
      "1": -2.4248761871786613,
      "5": -1.542395979646494,
      "10": -1.1529513774666076,
      "25": -0.48260496024095156,
      "50": 0.18175801115288973,
      "75": 0.8391231351786272,
      "90": 1.3739493179490427,
      "95": 1.6537214991762987,
      "99": 2.3701994536212654
    },
    "skewness": -0.17553713958814388,
    "kurtosis": 0.14809478261896158,
    "min_value": -2.9767038131960004,
    "max_value": 3.312910201043841
  },
  "T6": {
    "mean": -0.04673760029629165,
    "sd": 1.0073892464867087,
    "sample_size": 1000,
    "percentiles": {
      "1": -2.3147466932279617,
      "5": -1.7308881926541797,
      "10": -1.3503927969291043,
      "25": -0.6936928066499068,
      "50": -0.042827071259422235,
      "75": 0.6124468458977065,
      "90": 1.228599616480941,
      "95": 1.6723208062002775,
      "99": 2.497449980134998
    },
    "skewness": 0.1006613225136221,
    "kurtosis": 0.05231207880459676,
    "min_value": -2.899513879868482,
    "max_value": 3.0982994340712575
  },
  "T7": {
    "mean": -0.028156515973085376,
    "sd": 1.0250044944363337,
    "sample_size": 1000,
    "percentiles": {
      "1": -2.3507356106968507,
      "5": -1.6342958168864277,
      "10": -1.3368586277792036,
      "25": -0.7551373241019208,
      "50": -0.05474637518518456,
      "75": 0.6997450811938212,
      "90": 1.310319397985786,
      "95": 1.6732994146745037,
      "99": 2.441731345233201
    },
    "skewness": 0.11847059010872592,
    "kurtosis": -0.1626782192843228,
    "min_value": -2.712612563810438,
    "max_value": 3.529055187570484
  },
  "T8": {
    "mean": 0.01921704168028406,
    "sd": 1.0417400198542013,
    "sample_size": 1000,
    "percentiles": {
      "1": -2.286594248583733,
      "5": -1.7212267354558477,
      "10": -1.2856256043754666,
      "25": -0.6921562409892301,
      "50": 0.004979757669043322,
      "75": 0.7234012197803298,
      "90": 1.3593846525111264,
      "95": 1.6893243883572648,
      "99": 2.453834442740781
    },
    "skewness": -0.025548555896323048,
    "kurtosis": 0.11391500001695443,
    "min_value": -3.688365291428444,
    "max_value": 3.1176811292080475
  },
  "T9": {
    "mean": -0.08165823308378223,
    "sd": 1.0116854373004167,
    "sample_size": 1000,
    "percentiles": {
      "1": -2.3567782470107663,
      "5": -1.7575426706908917,
      "10": -1.4236797221799173,
      "25": -0.7368545079375315,
      "50": -0.0808760264687339,
      "75": 0.5772040623255685,
      "90": 1.1845375879113467,
      "95": 1.5640190569160082,
      "99": 2.206343361727026
    },
    "skewness": -0.024363808095782688,
    "kurtosis": 0.15672110394832472,
    "min_value": -3.9366555484593695,
    "max_value": 3.277382919082646
  },
  "T10": {
    "mean": -0.012034176449250804,
    "sd": 0.9651232699762307,
    "sample_size": 1000,
    "percentiles": {
      "1": -2.161610634002137,
      "5": -1.6175697274165317,
      "10": -1.2628745720420924,
      "25": -0.6433341253698863,
      "50": 0.004366124320787611,
      "75": 0.6507421412889249,
      "90": 1.2528730373258725,
      "95": 1.537654254718781,
      "99": 2.0402734715513096
    },
    "skewness": -0.11081149119209983,
    "kurtosis": -0.13090954608251426,
    "min_value": -3.9224002516183423,
    "max_value": 2.768373605625943
  },
  "T11": {
    "mean": -0.03990851271553279,
    "sd": 0.9704035990641665,
    "sample_size": 1000,
    "percentiles": {
      "1": -2.3567281495315746,
      "5": -1.5738089895571103,
      "10": -1.2679327520488777,
      "25": -0.6868994725925084,
      "50": -0.05631417773408856,
      "75": 0.6123350443812684,
      "90": 1.2123760580759595,
      "95": 1.5747741737490892,
      "99": 2.1168082658579244
    },
    "skewness": -0.03126724155026922,
    "kurtosis": -0.02237170873000416,
    "min_value": -3.2325654325124336,
    "max_value": 2.9141092157683617
  },
  "T12": {
    "mean": -0.11119390601964305,
    "sd": 1.0147394139785082,
    "sample_size": 1000,
    "percentiles": {
      "1": -2.807784080584624,
      "5": -1.761223234383626,
      "10": -1.3775076056774818,
      "25": -0.7578606495585667,
      "50": -0.1322696857827259,
      "75": 0.5349068651010903,
      "90": 1.198417697289267,
      "95": 1.5047449867678055,
      "99": 2.3398882807683
    },
    "skewness": -0.0490605240303577,
    "kurtosis": 0.2729842157087927,
    "min_value": -3.4755791001776,
    "max_value": 3.277768241289362
  }
}